<?xml version="1.0" encoding="UTF-8"?>

<beans xmlns="http://www.springframework.org/schema/beans"
    xmlns:xsi="http://www.w3.org/2001/XMLSchema-instance"
    xsi:schemaLocation="
        http://www.springframework.org/schema/beans http://www.springframework.org/schema/beans/spring-beans.xsd">


<bean class="com.training.App" id="ap">
  <property name="msg" value="Sravan using spring framework"></property>
</bean>

<!-- Setter dependency injection -->
<bean class="com.training.Employee" id ="emp">
<property name="empId" value="3121"></property>
<property name="empName" value="Sagar"></property>
<property name="empSal" value="5000"></property>
<property name="mobileNo">
<list>
<value>21212</value>
<value>11111</value>
</list>

</property>

</bean> 

<!-- Constructor dependency injection using name -->
<!-- <bean class="com.training.Employee" id ="emp1">
<constructor-arg name="empSal" value="1212"></constructor-arg>
<constructor-arg name="empName" value="JacKson"></constructor-arg>
<constructor-arg name="empId" value="3321000"></constructor-arg>
</bean>
 -->
<!-- <bean class="com.training.Employee" id ="emp1">
<constructor-arg  value="1212"></constructor-arg>
<constructor-arg value="JacKson"></constructor-arg>
<constructor-arg  value="3321000"></constructor-arg>
</bean>
 -->

<!-- by datatype  

<bean class="com.training.Employee" id ="emp1">
<constructor-arg type="Integer" value="1212"></constructor-arg>
<constructor-arg type="String" value="JacKson"></constructor-arg>
<constructor-arg type="double" value="3343443"></constructor-arg>
</bean> 
   -->
<!--
<bean class="com.training.Employee" id ="emp1">
<constructor-arg  index="0" value="1212"></constructor-arg>
<constructor-arg index="1" value="JacKson"></constructor-arg>
<constructor-arg index="2"  value="3343443"></constructor-arg>
<constructor-arg index="3">
<list>
<value>2121212</value>
<value>121221212</value>
</list>
</constructor-arg>

<constructor-arg index="4">
<map>
<entry>
<key><value>admin</value></key>
<value>121212</value>
</entry>
<entry>
<key><value>hr</value></key>
<value>121212</value>
</entry>
</map>


</constructor-arg>

</bean> 
  -->
        
</beans>