<?xml version="1.0" encoding="UTF-8"?>

<beans xmlns="http://www.springframework.org/schema/beans"
xmlns:p="http://www.springframework.org/schema/p"
xmlns:context="http://www.springframework.org/schema/context"
xmlns:xsi="http://www.w3.org/2001/XMLSchema-instance"
xsi:schemaLocation="
 http://www.springframework.org/schema/beans 
 
http://www.springframework.org/schema/beans/spring-beans.xsd
 http://www.springframework.org/schema/context 
http://www.springframework.org/schema/context/spring-context.xsd
">

<bean id="addr" class="com.training.bean.Address">
<property name="state" value="TG"></property>
<property name="city" value="HYD"></property>
</bean>


<context:annotation-config></context:annotation-config>

<!-- <bean id="empObj" class="com.training.bean.Employee" autowire="byName"> byType or constructor
 -->
<bean id="empObj" class="com.training.bean.Employee" autowire="byName">
<property name="empId" value="1021"></property>
<property name="empName" value="Rakeh"></property>
<property name="empSal" value="5000"></property>

<!-- <property name="addr" >
<ref bean="addrObj"/> Has a relation
</property> -->

</bean>


</beans>